Province,District,WinnerParty
Mae Hong Son,1,พลังประชารัฐ
Mae Hong Son,2,ประชาธิปัตย์
Chiang Mai,1,ก้าวไกล
Chiang Mai,2,ก้าวไกล
Chiang Mai,3,ก้าวไกล
Chiang Mai,4,ก้าวไกล
Chiang Mai,5,เพื่อไทย
Chiang Mai,6,ก้าวไกล
Chiang Mai,7,ก้าวไกล
Chiang Mai,8,ก้าวไกล
Chiang Mai,9,พลังประชารัฐ
Chiang Mai,10,เพื่อไทย
Chiang Rai,1,ก้าวไกล
Chiang Rai,2,ก้าวไกล
Chiang Rai,3,ก้าวไกล
Chiang Rai,4,ก้าวไกล
Chiang Rai,5,ก้าวไกล
Chiang Rai,6,ก้าวไกล
Chiang Rai,7,ก้าวไกล
Phayao,1,ก้าวไกล
Phayao,2,ก้าวไกล
Phayao,3,ก้าวไกล
Nan,1,ก้าวไกล
Nan,2,ก้าวไกล
Nan,3,ก้าวไกล
Lampang,1,ก้าวไกล
Lampang,2,ก้าวไกล
Lampang,3,ก้าวไกล
Lampang,4,ก้าวไกล
Phrae,1,ก้าวไกล
Phrae,2,ก้าวไกล
Phrae,3,ก้าวไกล
Uttaradit,1,ก้าวไกล
Uttaradit,2,ก้าวไกล
Uttaradit,3,ก้าวไกล
Lamphun,1,ก้าวไกล
Lamphun,2,ก้าวไกล
Sukhothai,1,ก้าวไกล
Sukhothai,2,ก้าวไกล
Sukhothai,3,ก้าวไกล
Sukhothai,4,ก้าวไกล
Kampheng Phet,1,ก้าวไกล
Kampheng Phet,2,ก้าวไกล
Kampheng Phet,3,ก้าวไกล
Kampheng Phet,4,ก้าวไกล
Phichit,1,ก้าวไกล
Phichit,2,ก้าวไกล
Phichit,3,ก้าวไกล
Phitsanulok,1,ก้าวไกล
Phitsanulok,2,ก้าวไกล
Phitsanulok,3,ก้าวไกล
Phitsanulok,4,ก้าวไกล
Phitsanulok,5,ก้าวไกล
Tak,1,ก้าวไกล
Tak,2,ก้าวไกล
Tak,3,ก้าวไกล
Nakhon Sawan,1,ก้าวไกล
Nakhon Sawan,2,ก้าวไกล
Nakhon Sawan,3,ก้าวไกล
Nakhon Sawan,4,ก้าวไกล
Nakhon Sawan,5,ก้าวไกล
Nakhon Sawan,6,ก้าวไกล
Petchabun,1,ก้าวไกล
Petchabun,2,ก้าวไกล
Petchabun,3,ก้าวไกล
Petchabun,4,ก้าวไกล
Petchabun,5,ก้าวไกล
Petchabun,6,ก้าวไกล
Loei,1,ก้าวไกล
Loei,2,ก้าวไกล
Loei,3,ก้าวไกล
Loei,4,ก้าวไกล
Nong Khai,1,ก้าวไกล
Nong Khai,2,ก้าวไกล
Nong Khai,3,ก้าวไกล
Udon Thani,1,ก้าวไกล
Udon Thani,2,ก้าวไกล
Udon Thani,3,ก้าวไกล
Udon Thani,4,ก้าวไกล
Udon Thani,5,ก้าวไกล
Udon Thani,6,ก้าวไกล
Udon Thani,7,ก้าวไกล
Udon Thani,8,ก้าวไกล
Udon Thani,9,ก้าวไกล
Udon Thani,10,ก้าวไกล
Bueng Kan,1,ก้าวไกล
Bueng Kan,2,ก้าวไกล
Bueng Kan,3,ก้าวไกล
Nakhon Phanom,1,ก้าวไกล
Nakhon Phanom,2,ก้าวไกล
Nakhon Phanom,3,ก้าวไกล
Nakhon Phanom,4,ก้าวไกล
Nong Bua Lam Phu,1,ก้าวไกล
Nong Bua Lam Phu,2,ก้าวไกล
Nong Bua Lam Phu,3,ก้าวไกล
Khon Kaen,1,ก้าวไกล
Khon Kaen,2,ก้าวไกล
Khon Kaen,3,ก้าวไกล
Khon Kaen,4,ก้าวไกล
Khon Kaen,5,ก้าวไกล
Khon Kaen,6,ก้าวไกล
Khon Kaen,7,ก้าวไกล
Khon Kaen,8,ก้าวไกล
Khon Kaen,9,ก้าวไกล
Khon Kaen,10,ก้าวไกล
Khon Kaen,11,ก้าวไกล
Sakon Nakhon,1,ก้าวไกล
Sakon Nakhon,2,ก้าวไกล
Sakon Nakhon,3,ก้าวไกล
Sakon Nakhon,4,ก้าวไกล
Sakon Nakhon,5,ก้าวไกล
Sakon Nakhon,6,ก้าวไกล
Sakon Nakhon,7,ก้าวไกล
Mukdahan,1,ก้าวไกล
Mukdahan,2,ก้าวไกล
Chaiyaphum,1,ก้าวไกล
Chaiyaphum,2,ก้าวไกล
Chaiyaphum,3,ก้าวไกล
Chaiyaphum,4,ก้าวไกล
Chaiyaphum,5,ก้าวไกล
Chaiyaphum,6,ก้าวไกล
Chaiyaphum,7,ก้าวไกล
Kalasin,1,ก้าวไกล
Kalasin,2,ก้าวไกล
Kalasin,3,ก้าวไกล
Kalasin,4,ก้าวไกล
Kalasin,5,ก้าวไกล
Kalasin,6,ก้าวไกล
Amnat Charoen,1,ก้าวไกล
Amnat Charoen,2,ก้าวไกล
Yasothon,1,ก้าวไกล
Yasothon,2,ก้าวไกล
Yasothon,3,ก้าวไกล
Nakhon Ratchasima,1,ก้าวไกล
Nakhon Ratchasima,2,ก้าวไกล
Nakhon Ratchasima,3,ก้าวไกล
Nakhon Ratchasima,4,ก้าวไกล
Nakhon Ratchasima,5,ก้าวไกล
Nakhon Ratchasima,6,ก้าวไกล
Nakhon Ratchasima,7,ก้าวไกล
Nakhon Ratchasima,8,ก้าวไกล
Nakhon Ratchasima,9,ก้าวไกล
Nakhon Ratchasima,10,ก้าวไกล
Nakhon Ratchasima,11,ก้าวไกล
Nakhon Ratchasima,12,ก้าวไกล
Nakhon Ratchasima,13,ก้าวไกล
Nakhon Ratchasima,14,ก้าวไกล
Nakhon Ratchasima,15,ก้าวไกล
Nakhon Ratchasima,16,ก้าวไกล
Maha Sarakham,1,ก้าวไกล
Maha Sarakham,2,ก้าวไกล
Maha Sarakham,3,ก้าวไกล
Maha Sarakham,4,ก้าวไกล
Maha Sarakham,5,ก้าวไกล
Maha Sarakham,6,ก้าวไกล
Roi Et,1,ก้าวไกล
Roi Et,2,ก้าวไกล
Roi Et,3,ก้าวไกล
Roi Et,4,ก้าวไกล
Roi Et,5,ก้าวไกล
Roi Et,6,ก้าวไกล
Roi Et,7,ก้าวไกล
Roi Et,8,ก้าวไกล
Ubon Ratchathani,1,ชาติไทยพัฒนา
Ubon Ratchathani,2,ชาติไทยพัฒนา
Ubon Ratchathani,3,ชาติไทยพัฒนา
Ubon Ratchathani,4,ชาติไทยพัฒนา
Ubon Ratchathani,5,ชาติไทยพัฒนา
Ubon Ratchathani,6,ชาติไทยพัฒนา
Ubon Ratchathani,7,ชาติไทยพัฒนา
Ubon Ratchathani,8,ชาติไทยพัฒนา
Ubon Ratchathani,9,ชาติไทยพัฒนา
Ubon Ratchathani,10,ชาติไทยพัฒนา
Ubon Ratchathani,11,ชาติไทยพัฒนา
Buri Ram,1,ชาติไทยพัฒนา
Buri Ram,2,ชาติไทยพัฒนา
Buri Ram,3,ชาติไทยพัฒนา
Buri Ram,4,ชาติไทยพัฒนา
Buri Ram,5,ชาติไทยพัฒนา
Buri Ram,6,ชาติไทยพัฒนา
Buri Ram,7,ชาติไทยพัฒนา
Buri Ram,8,ชาติไทยพัฒนา
Buri Ram,9,ชาติไทยพัฒนา
Buri Ram,10,ชาติไทยพัฒนา
Surin,1,ชาติไทยพัฒนา
Surin,2,ชาติไทยพัฒนา
Surin,3,ชาติไทยพัฒนา
Surin,4,ชาติไทยพัฒนา
Surin,5,ชาติไทยพัฒนา
Surin,6,ชาติไทยพัฒนา
Surin,7,ชาติไทยพัฒนา
Surin,8,ชาติไทยพัฒนา
Si Sa Ket,1,ชาติไทยพัฒนา
Si Sa Ket,2,ชาติไทยพัฒนา
Si Sa Ket,3,ชาติไทยพัฒนา
Si Sa Ket,4,ชาติไทยพัฒนา
Si Sa Ket,5,ชาติไทยพัฒนา
Si Sa Ket,6,ชาติไทยพัฒนา
Si Sa Ket,7,ชาติไทยพัฒนา
Si Sa Ket,8,ชาติไทยพัฒนา
Si Sa Ket,9,ชาติไทยพัฒนา
Uthai Thani,1,ชาติไทยพัฒนา
Uthai Thani,2,ชาติไทยพัฒนา
Chai Nat,1,ชาติไทยพัฒนา
Chai Nat,2,ชาติไทยพัฒนา
Lopburi,1,ชาติไทยพัฒนา
Lopburi,2,ชาติไทยพัฒนา
Lopburi,3,ชาติไทยพัฒนา
Lopburi,4,ชาติไทยพัฒนา
Lopburi,5,ชาติไทยพัฒนา
Sign Buri,1,ชาติไทยพัฒนา
Nakhon Nayok,1,ชาติไทยพัฒนา
Nakhon Nayok,2,ชาติไทยพัฒนา
Prachin Buri,1,ชาติไทยพัฒนา
Prachin Buri,2,ชาติไทยพัฒนา
Prachin Buri,3,ชาติไทยพัฒนา
Sa Kaeo,1,ชาติไทยพัฒนา
Sa Kaeo,2,ชาติไทยพัฒนา
Sa Kaeo,3,ชาติไทยพัฒนา
Kanchanaburi,1,ชาติไทยพัฒนา
Kanchanaburi,2,ชาติไทยพัฒนา
Kanchanaburi,3,ชาติไทยพัฒนา
Kanchanaburi,4,ชาติไทยพัฒนา
Kanchanaburi,5,ชาติไทยพัฒนา
Ang Thong,1,ชาติไทยพัฒนา
Ang Thong,2,ชาติไทยพัฒนา
Saraburi,1,ชาติไทยพัฒนา
Saraburi,2,ชาติไทยพัฒนา
Saraburi,3,ชาติไทยพัฒนา
Saraburi,4,ชาติไทยพัฒนา
Suphan Buri,1,ชาติไทยพัฒนา
Suphan Buri,2,ชาติไทยพัฒนา
Suphan Buri,3,ชาติไทยพัฒนา
Suphan Buri,4,ชาติไทยพัฒนา
Suphan Buri,5,ชาติไทยพัฒนา
Ayutthaya,1,ชาติไทยพัฒนา
Ayutthaya,2,ชาติไทยพัฒนา
Ayutthaya,3,ชาติไทยพัฒนา
Ayutthaya,4,ชาติไทยพัฒนา
Ayutthaya,5,ชาติไทยพัฒนา
Pathum Thani,1,ชาติไทยพัฒนา
Pathum Thani,2,ชาติไทยพัฒนา
Pathum Thani,3,ชาติไทยพัฒนา
Pathum Thani,4,ชาติไทยพัฒนา
Pathum Thani,5,ชาติไทยพัฒนา
Pathum Thani,6,ชาติไทยพัฒนา
Pathum Thani,7,ชาติไทยพัฒนา
Chachoengsao,1,ชาติไทยพัฒนา
Chachoengsao,2,ชาติไทยพัฒนา
Chachoengsao,3,ชาติไทยพัฒนา
Chachoengsao,4,ชาติไทยพัฒนา
Chachoengsao,5,ชาติไทยพัฒนา
Chanthaburi,1,ชาติไทยพัฒนา
Chanthaburi,2,ชาติไทยพัฒนา
Chanthaburi,3,ชาติไทยพัฒนา
Nakhon Pathom,1,ชาติไทยพัฒนา
Nakhon Pathom,2,ชาติไทยพัฒนา
Nakhon Pathom,3,ชาติไทยพัฒนา
Nakhon Pathom,4,ชาติไทยพัฒนา
Nakhon Pathom,5,ชาติไทยพัฒนา
Nonthaburi,1,ชาติไทยพัฒนา
Nonthaburi,2,ชาติไทยพัฒนา
Nonthaburi,3,ชาติไทยพัฒนา
Nonthaburi,4,ชาติไทยพัฒนา
Nonthaburi,5,ชาติไทยพัฒนา
Nonthaburi,6,ชาติไทยพัฒนา
Nonthaburi,7,ชาติไทยพัฒนา
Nonthaburi,8,ชาติไทยพัฒนา
Samut Sakhon,1,ชาติไทยพัฒนา
Samut Sakhon,2,ชาติไทยพัฒนา
Samut Sakhon,3,ชาติไทยพัฒนา
Samut Prakan,1,ชาติไทยพัฒนา
Samut Prakan,2,ชาติไทยพัฒนา
Samut Prakan,3,ชาติไทยพัฒนา
Samut Prakan,4,ชาติไทยพัฒนา
Samut Prakan,5,ชาติไทยพัฒนา
Samut Prakan,6,ชาติไทยพัฒนา
Samut Prakan,7,ชาติไทยพัฒนา
Samut Prakan,8,ชาติไทยพัฒนา
Chon Buri,1,ชาติไทยพัฒนา
Chon Buri,2,ชาติไทยพัฒนา
Chon Buri,3,ชาติไทยพัฒนา
Chon Buri,4,ชาติไทยพัฒนา
Chon Buri,5,ชาติไทยพัฒนา
Chon Buri,6,ชาติไทยพัฒนา
Chon Buri,7,ชาติไทยพัฒนา
Chon Buri,8,ชาติไทยพัฒนา
Chon Buri,9,ชาติไทยพัฒนา
Chon Buri,10,ชาติไทยพัฒนา
Rayong,1,ชาติไทยพัฒนา
Rayong,2,ชาติไทยพัฒนา
Rayong,3,ชาติไทยพัฒนา
Rayong,4,ชาติไทยพัฒนา
Rayong,5,ชาติไทยพัฒนา
Trat,1,ชาติไทยพัฒนา
Ratchaburi,1,ชาติไทยพัฒนา
Ratchaburi,2,ชาติไทยพัฒนา
Ratchaburi,3,ชาติไทยพัฒนา
Ratchaburi,4,ชาติไทยพัฒนา
Ratchaburi,5,ชาติไทยพัฒนา
Samut Songkhram,1,ชาติไทยพัฒนา
Phetchaburi,1,ชาติไทยพัฒนา
Phetchaburi,2,ชาติไทยพัฒนา
Phetchaburi,3,ชาติไทยพัฒนา
Prachua Khiri Khan,1,ชาติไทยพัฒนา
Prachua Khiri Khan,2,ชาติไทยพัฒนา
Prachua Khiri Khan,3,ชาติไทยพัฒนา
Bang Kok,1,ชาติไทยพัฒนา
Bang Kok,2,ชาติไทยพัฒนา
Bang Kok,3,ชาติไทยพัฒนา
Bang Kok,4,ชาติไทยพัฒนา
Bang Kok,5,ชาติไทยพัฒนา
Bang Kok,6,ชาติไทยพัฒนา
Bang Kok,7,ชาติไทยพัฒนา
Bang Kok,8,ชาติไทยพัฒนา
Bang Kok,9,ชาติไทยพัฒนา
Bang Kok,10,ชาติไทยพัฒนา
Bang Kok,11,ชาติไทยพัฒนา
Bang Kok,12,ชาติไทยพัฒนา
Bang Kok,13,ชาติไทยพัฒนา
Bang Kok,14,ชาติไทยพัฒนา
Bang Kok,15,ชาติไทยพัฒนา
Bang Kok,16,ชาติไทยพัฒนา
Bang Kok,17,ชาติไทยพัฒนา
Bang Kok,18,ชาติไทยพัฒนา
Bang Kok,19,ชาติไทยพัฒนา
Bang Kok,20,ชาติไทยพัฒนา
Bang Kok,21,ชาติไทยพัฒนา
Bang Kok,22,ชาติไทยพัฒนา
Bang Kok,23,ชาติไทยพัฒนา
Bang Kok,24,ชาติไทยพัฒนา
Bang Kok,25,ชาติไทยพัฒนา
Bang Kok,26,ชาติไทยพัฒนา
Bang Kok,27,ชาติไทยพัฒนา
Bang Kok,28,ชาติไทยพัฒนา
Bang Kok,29,ชาติไทยพัฒนา
Bang Kok,30,ชาติไทยพัฒนา
Bang Kok,31,ชาติไทยพัฒนา
Bang Kok,32,ชาติไทยพัฒนา
Bang Kok,33,ชาติไทยพัฒนา
Ranong,1,ชาติไทยพัฒนา
Chumphon,1,ชาติไทยพัฒนา
Chumphon,2,ชาติไทยพัฒนา
Chumphon,3,ชาติไทยพัฒนา
Nakhon Si Thammarat,1,ชาติไทยพัฒนา
Nakhon Si Thammarat,2,ชาติไทยพัฒนา
Nakhon Si Thammarat,3,ชาติไทยพัฒนา
Nakhon Si Thammarat,4,ชาติไทยพัฒนา
Nakhon Si Thammarat,5,ชาติไทยพัฒนา
Nakhon Si Thammarat,6,ชาติไทยพัฒนา
Nakhon Si Thammarat,7,ชาติไทยพัฒนา
Nakhon Si Thammarat,8,ชาติไทยพัฒนา
Nakhon Si Thammarat,9,ชาติไทยพัฒนา
Nakhon Si Thammarat,10,ชาติไทยพัฒนา
Phatthalung,1,ชาติไทยพัฒนา
Phatthalung,2,ชาติไทยพัฒนา
Phatthalung,3,ชาติไทยพัฒนา
Songkhla,1,ชาติไทยพัฒนา
Songkhla,2,ชาติไทยพัฒนา
Songkhla,3,ชาติไทยพัฒนา
Songkhla,4,ชาติไทยพัฒนา
Songkhla,5,ชาติไทยพัฒนา
Songkhla,6,ชาติไทยพัฒนา
Songkhla,7,ชาติไทยพัฒนา
Songkhla,8,ชาติไทยพัฒนา
Songkhla,9,ชาติไทยพัฒนา
Yala,1,ชาติไทยพัฒนา
Yala,2,ชาติไทยพัฒนา
Yala,3,ชาติไทยพัฒนา
Pattani,1,ชาติไทยพัฒนา
Pattani,2,ชาติไทยพัฒนา
Pattani,3,ชาติไทยพัฒนา
Pattani,4,ชาติไทยพัฒนา
Pattani,5,ชาติไทยพัฒนา
Phang Nga,1,ชาติไทยพัฒนา
Phang Nga,2,ชาติไทยพัฒนา
Phang Nga,3,ชาติไทยพัฒนา
Surat Thani,1,ชาติไทยพัฒนา
Surat Thani,2,ชาติไทยพัฒนา
Surat Thani,3,ชาติไทยพัฒนา
Surat Thani,4,ชาติไทยพัฒนา
Surat Thani,5,ชาติไทยพัฒนา
Surat Thani,6,ชาติไทยพัฒนา
Surat Thani,7,ชาติไทยพัฒนา
Phuket,1,ชาติไทยพัฒนา
Phuket,2,ชาติไทยพัฒนา
Phuket,3,ชาติไทยพัฒนา
Krabi,1,ชาติไทยพัฒนา
Krabi,2,ชาติไทยพัฒนา
Krabi,3,ชาติไทยพัฒนา
Trang,1,ชาติไทยพัฒนา
Trang,2,ชาติไทยพัฒนา
Trang,3,ชาติไทยพัฒนา
Trang,4,ชาติไทยพัฒนา
Satun,1,ชาติไทยพัฒนา
Satun,2,ชาติไทยพัฒนา
Narathiwat,1,ชาติไทยพัฒนา
Narathiwat,2,ชาติไทยพัฒนา
Narathiwat,3,ชาติไทยพัฒนา
Narathiwat,4,ชาติไทยพัฒนา
Narathiwat,5,ชาติไทยพัฒนา